transcript_id,transcript_position,score
tx_id_0,0,0.013
tx_id_0,10,0.687
tx_id_0,20,0.625
tx_id_0,30,0.584
tx_id_0,40,0.356
tx_id_0,50,0.084
tx_id_0,60,0.004
tx_id_0,70,0.024
tx_id_0,80,0.007
tx_id_0,90,0.204
tx_id_0,100,0.018
tx_id_0,110,0.029
tx_id_0,120,0.358
tx_id_0,130,0.009
tx_id_0,140,0.502
tx_id_0,150,0.408
tx_id_0,160,0.332
tx_id_0,170,0.023
tx_id_0,180,0.696
tx_id_0,190,0.033
tx_id_0,200,0.16
tx_id_0,210,0.582
tx_id_0,220,0.339
tx_id_0,230,0.16
tx_id_0,240,0.502
tx_id_0,250,0.346
tx_id_0,260,0.514
tx_id_0,270,0.054
tx_id_0,280,0.169
tx_id_0,290,0.011
tx_id_0,300,0.581
tx_id_0,310,0.668
tx_id_0,320,0.233
tx_id_0,330,0.501
tx_id_0,340,0.007
tx_id_0,350,0.11
tx_id_0,360,0.624
tx_id_0,370,0.558
tx_id_0,380,0.045
tx_id_0,390,0.499
tx_id_0,400,0.01
tx_id_0,410,0.041
tx_id_0,420,0.066
tx_id_0,430,0.133
tx_id_0,440,0.435
tx_id_0,450,0.617
tx_id_0,460,0.279
tx_id_0,470,0.023
tx_id_0,480,0.07
tx_id_0,490,0.23
tx_id_0,500,0.615
tx_id_0,510,0.761
tx_id_0,520,0.039
tx_id_0,530,0.4
tx_id_0,540,0.143
tx_id_0,550,0.114
tx_id_0,560,0.136
tx_id_0,570,0.005
tx_id_0,580,0.267
tx_id_0,590,0.017
tx_id_0,600,0.073
tx_id_0,610,0.366
tx_id_0,620,0.247
tx_id_0,630,0.22
tx_id_0,640,0.401
tx_id_0,650,0.209
tx_id_0,660,0.037
tx_id_0,670,0.556
tx_id_0,680,0.509
tx_id_0,690,0.655
tx_id_0,700,0.152
tx_id_0,710,0.166
tx_id_0,720,0.298
tx_id_0,730,0.015
tx_id_0,740,0.302
tx_id_0,750,0.242
tx_id_0,760,0.144
tx_id_0,770,0.414
tx_id_0,780,0.107
tx_id_0,790,0.667
tx_id_0,800,0.279
tx_id_0,810,0.348
tx_id_0,820,0.712
tx_id_0,830,0.034
tx_id_0,840,0.002
tx_id_0,850,0.673
tx_id_0,860,0.14
tx_id_0,870,0.739
tx_id_0,880,0.524
tx_id_0,890,0.415
tx_id_0,900,0.009
tx_id_0,910,0.025
tx_id_0,920,0.492
tx_id_0,930,0.315
tx_id_0,940,0.103
tx_id_0,950,0.005
tx_id_0,960,0.435
tx_id_0,970,0.265
tx_id_0,980,0.109
tx_id_0,990,0.606
tx_id_0,1000,0.439
tx_id_0,1010,0.62
tx_id_0,1020,0.211
tx_id_0,1030,0.114
tx_id_0,1040,0.542
tx_id_0,1050,0.049
tx_id_0,1060,0.265
tx_id_0,1070,0.359
tx_id_0,1080,0.637
tx_id_0,1090,0.408
tx_id_0,1100,0.007
tx_id_0,1110,0.541
tx_id_0,1120,0.241
tx_id_0,1130,0.135
tx_id_0,1140,0.35
tx_id_0,1150,0.132
tx_id_0,1160,0.434
tx_id_0,1170,0.516
tx_id_0,1180,0.225
tx_id_0,1190,0.708
tx_id_0,1200,0.01
tx_id_0,1210,0.548
tx_id_0,1220,0.174
tx_id_0,1230,0.329
tx_id_0,1240,0.001
tx_id_0,1250,0.006
tx_id_0,1260,0.103
tx_id_0,1270,0.317
tx_id_0,1280,0.188
tx_id_0,1290,0.161
tx_id_0,1300,0.051
tx_id_0,1310,0.531
tx_id_0,1320,0.027
tx_id_0,1330,0.297
tx_id_0,1340,0.554
tx_id_0,1350,0.731
tx_id_0,1360,0.035
tx_id_0,1370,0.038
tx_id_0,1380,0.584
tx_id_0,1390,0.612
tx_id_0,1400,0.522
tx_id_0,1410,0.1
tx_id_0,1420,0.259
tx_id_0,1430,0.048
tx_id_0,1440,0.471
tx_id_0,1450,0.019
tx_id_0,1460,0.415
tx_id_0,1470,0.162
tx_id_0,1480,0.083
tx_id_0,1490,0.135
tx_id_0,1500,0.215
tx_id_0,1510,0.012
tx_id_0,1520,0.556
tx_id_0,1530,0.234
tx_id_0,1540,0.063
tx_id_0,1550,0.64
tx_id_0,1560,0.095
tx_id_0,1570,0.017
tx_id_0,1580,0.231
tx_id_0,1590,0.613
tx_id_0,1600,0.277
tx_id_0,1610,0.563
tx_id_0,1620,0.615
tx_id_0,1630,0.242
tx_id_0,1640,0.295
tx_id_0,1650,0.211
tx_id_0,1660,0.11
tx_id_0,1670,0.142
tx_id_0,1680,0.495
tx_id_0,1690,0.025
tx_id_0,1700,0.396
tx_id_0,1710,0.618
tx_id_0,1720,0.671
tx_id_0,1730,0.076
tx_id_0,1740,0.216
tx_id_0,1750,0.885
tx_id_0,1760,0.307
tx_id_0,1770,0.02
tx_id_0,1780,0.158
tx_id_0,1790,0.038
tx_id_0,1800,0.023
tx_id_0,1810,0.565
tx_id_0,1820,0.273
tx_id_0,1830,0.013
tx_id_0,1840,0.254
tx_id_0,1850,0.112
tx_id_0,1860,0.661
tx_id_0,1870,0.511
tx_id_0,1880,0.069
tx_id_1,0,0.016
tx_id_1,10,0.727
tx_id_1,20,0.851
tx_id_1,30,0.742
tx_id_1,40,0.101
tx_id_1,50,0.008
tx_id_1,60,0.0
tx_id_1,70,0.019
tx_id_1,80,0.003
tx_id_1,90,0.163
tx_id_1,100,0.018
tx_id_1,110,0.025
tx_id_1,120,0.346
tx_id_1,130,0.006
tx_id_1,140,0.494
tx_id_1,150,0.376
tx_id_1,160,0.323
tx_id_1,170,0.025
tx_id_1,180,0.76
tx_id_1,190,0.032
tx_id_1,200,0.099
tx_id_1,210,0.601
tx_id_1,220,0.149
tx_id_1,230,0.164
tx_id_1,240,0.538
tx_id_1,250,0.338
tx_id_1,260,0.554
tx_id_1,270,0.068
tx_id_1,280,0.081
tx_id_1,290,0.008
tx_id_1,300,0.568
tx_id_1,310,0.519
tx_id_1,320,0.162
tx_id_1,330,0.434
tx_id_1,340,0.004
tx_id_1,350,0.089
tx_id_1,360,0.587
tx_id_1,370,0.502
tx_id_1,380,0.046
tx_id_1,390,0.433
tx_id_1,400,0.001
tx_id_1,410,0.038
tx_id_1,420,0.051
tx_id_1,430,0.06
tx_id_1,440,0.517
tx_id_1,450,0.624
tx_id_1,460,0.272
tx_id_1,470,0.002
tx_id_1,480,0.036
tx_id_1,490,0.243
tx_id_1,500,0.631
tx_id_1,510,0.784
tx_id_1,520,0.044
tx_id_1,530,0.308
tx_id_1,540,0.155
tx_id_1,550,0.084
tx_id_1,560,0.133
tx_id_1,570,0.006
tx_id_1,580,0.065
tx_id_1,590,0.004
tx_id_1,600,0.065
tx_id_1,610,0.369
tx_id_1,620,0.155
tx_id_1,630,0.209
tx_id_1,640,0.402
tx_id_1,650,0.24
tx_id_1,660,0.017
tx_id_1,670,0.543
tx_id_1,680,0.504
tx_id_1,690,0.698
tx_id_1,700,0.152
tx_id_1,710,0.16
tx_id_1,720,0.202
tx_id_1,730,0.018
tx_id_1,740,0.26
tx_id_1,750,0.202
tx_id_1,760,0.076
tx_id_1,770,0.4
tx_id_1,780,0.085
tx_id_1,790,0.757
tx_id_1,800,0.249
tx_id_1,810,0.201
tx_id_1,820,0.47
tx_id_1,830,0.038
tx_id_1,840,0.0
tx_id_1,850,0.685
tx_id_1,860,0.106
tx_id_1,870,0.765
tx_id_1,880,0.472
tx_id_1,890,0.363
tx_id_1,900,0.007
tx_id_1,910,0.02
tx_id_1,920,0.51
tx_id_1,930,0.256
tx_id_1,940,0.12
tx_id_1,950,0.007
tx_id_1,960,0.295
tx_id_1,970,0.203
tx_id_1,980,0.106
tx_id_1,990,0.568
tx_id_1,1000,0.382
tx_id_1,1010,0.609
tx_id_1,1020,0.2
tx_id_1,1030,0.121
tx_id_1,1040,0.544
tx_id_1,1050,0.001
tx_id_1,1060,0.275
tx_id_1,1070,0.322
tx_id_1,1080,0.628
tx_id_1,1090,0.502
tx_id_1,1100,0.003
tx_id_1,1110,0.646
tx_id_1,1120,0.254
tx_id_1,1130,0.07
tx_id_1,1140,0.308
tx_id_1,1150,0.161
tx_id_1,1160,0.399
tx_id_1,1170,0.532
tx_id_1,1180,0.156
tx_id_1,1190,0.71
tx_id_1,1200,0.011
tx_id_1,1210,0.567
tx_id_1,1220,0.158
tx_id_1,1230,0.33
tx_id_1,1240,0.0
tx_id_1,1250,0.006
tx_id_1,1260,0.086
tx_id_1,1270,0.24
tx_id_1,1280,0.189
tx_id_1,1290,0.179
tx_id_1,1300,0.001
tx_id_1,1310,0.533
tx_id_1,1320,0.034
tx_id_1,1330,0.24
tx_id_1,1340,0.588
tx_id_1,1350,0.765
tx_id_1,1360,0.015
tx_id_1,1370,0.031
tx_id_1,1380,0.586
tx_id_1,1390,0.661
tx_id_1,1400,0.526
tx_id_1,1410,0.166
tx_id_1,1420,0.215
tx_id_1,1430,0.02
tx_id_1,1440,0.447
tx_id_1,1450,0.019
tx_id_1,1460,0.363
tx_id_1,1470,0.12
tx_id_1,1480,0.079
tx_id_1,1490,0.129
tx_id_1,1500,0.189
tx_id_1,1510,0.009
tx_id_1,1520,0.563
tx_id_1,1530,0.251
tx_id_1,1540,0.046
tx_id_1,1550,0.602
tx_id_1,1560,0.287
tx_id_1,1570,0.032
tx_id_1,1580,0.209
tx_id_1,1590,0.707
tx_id_1,1600,0.189
tx_id_1,1610,0.542
tx_id_1,1620,0.74
tx_id_1,1630,0.242
tx_id_1,1640,0.28
tx_id_1,1650,0.206
tx_id_1,1660,0.042
tx_id_1,1670,0.116
tx_id_1,1680,0.514
tx_id_1,1690,0.001
tx_id_1,1700,0.4
tx_id_1,1710,0.561
tx_id_1,1720,0.693
tx_id_1,1730,0.07
tx_id_1,1740,0.178
tx_id_1,1750,0.875
tx_id_1,1760,0.289
tx_id_1,1770,0.006
tx_id_1,1780,0.228
tx_id_1,1790,0.046
tx_id_1,1800,0.022
tx_id_1,1810,0.544
tx_id_1,1820,0.215
tx_id_1,1830,0.014
tx_id_1,1840,0.106
tx_id_1,1850,0.144
tx_id_1,1860,0.579
tx_id_1,1870,0.463
tx_id_1,1880,0.076
tx_id_2,0,0.019
tx_id_2,10,0.724
tx_id_2,20,0.75
tx_id_2,30,0.774
tx_id_2,40,0.075
tx_id_2,50,0.031
tx_id_2,60,0.001
tx_id_2,70,0.014
tx_id_2,80,0.021
tx_id_2,90,0.229
tx_id_2,100,0.014
tx_id_2,110,0.027
tx_id_2,120,0.322
tx_id_2,130,0.007
tx_id_2,140,0.409
tx_id_2,150,0.305
tx_id_2,160,0.363
tx_id_2,170,0.023
tx_id_2,180,0.643
tx_id_2,190,0.024
tx_id_2,200,0.095
tx_id_2,210,0.641
tx_id_2,220,0.155
tx_id_2,230,0.145
tx_id_2,240,0.542
tx_id_2,250,0.301
tx_id_2,260,0.114
tx_id_2,270,0.085
tx_id_2,280,0.066
tx_id_2,290,0.002
tx_id_2,300,0.667
tx_id_2,310,0.499
tx_id_2,320,0.157
tx_id_2,330,0.474
tx_id_2,340,0.003
tx_id_2,350,0.092
tx_id_2,360,0.556
tx_id_2,370,0.456
tx_id_2,380,0.047
tx_id_2,390,0.442
tx_id_2,400,0.005
tx_id_2,410,0.003
tx_id_2,420,0.067
tx_id_2,430,0.1
tx_id_2,440,0.551
tx_id_2,450,0.646
tx_id_2,460,0.154
tx_id_2,470,0.009
tx_id_2,480,0.035
tx_id_2,490,0.303
tx_id_2,500,0.663
tx_id_2,510,0.649
tx_id_2,520,0.006
tx_id_2,530,0.386
tx_id_2,540,0.1
tx_id_2,550,0.055
tx_id_2,560,0.018
tx_id_2,570,0.003
tx_id_2,580,0.193
tx_id_2,590,0.02
tx_id_2,600,0.016
tx_id_2,610,0.325
tx_id_2,620,0.166
tx_id_2,630,0.223
tx_id_2,640,0.182
tx_id_2,650,0.28
tx_id_2,660,0.004
tx_id_2,670,0.498
tx_id_2,680,0.362
tx_id_2,690,0.709
tx_id_2,700,0.085
tx_id_2,710,0.11
tx_id_2,720,0.162
tx_id_2,730,0.021
tx_id_2,740,0.092
tx_id_2,750,0.119
tx_id_2,760,0.135
tx_id_2,770,0.53
tx_id_2,780,0.016
tx_id_2,790,0.624
tx_id_2,800,0.239
tx_id_2,810,0.267
tx_id_2,820,0.403
tx_id_2,830,0.028
tx_id_2,840,0.0
tx_id_2,850,0.681
tx_id_2,860,0.106
tx_id_2,870,0.68
tx_id_2,880,0.376
tx_id_2,890,0.292
tx_id_2,900,0.012
tx_id_2,910,0.015
tx_id_2,920,0.586
tx_id_2,930,0.266
tx_id_2,940,0.137
tx_id_2,950,0.004
tx_id_2,960,0.507
tx_id_2,970,0.272
tx_id_2,980,0.091
tx_id_2,990,0.523
tx_id_2,1000,0.356
tx_id_2,1010,0.666
tx_id_2,1020,0.147
tx_id_2,1030,0.204
tx_id_2,1040,0.527
tx_id_2,1050,0.0
tx_id_2,1060,0.269
tx_id_2,1070,0.197
tx_id_2,1080,0.519
tx_id_2,1090,0.502
tx_id_2,1100,0.023
tx_id_2,1110,0.615
tx_id_2,1120,0.176
tx_id_2,1130,0.08
tx_id_2,1140,0.312
tx_id_2,1150,0.238
tx_id_2,1160,0.259
tx_id_2,1170,0.349
tx_id_2,1180,0.149
tx_id_2,1190,0.602
tx_id_2,1200,0.003
tx_id_2,1210,0.506
tx_id_2,1220,0.071
tx_id_2,1230,0.358
tx_id_2,1240,0.001
tx_id_2,1250,0.003
tx_id_2,1260,0.046
tx_id_2,1270,0.224
tx_id_2,1280,0.143
tx_id_2,1290,0.176
tx_id_2,1300,0.014
tx_id_2,1310,0.325
tx_id_2,1320,0.01
tx_id_2,1330,0.266
tx_id_2,1340,0.659
tx_id_2,1350,0.671
tx_id_2,1360,0.018
tx_id_2,1370,0.009
tx_id_2,1380,0.593
tx_id_2,1390,0.579
tx_id_2,1400,0.472
tx_id_2,1410,0.16
tx_id_2,1420,0.276
tx_id_2,1430,0.014
tx_id_2,1440,0.118
tx_id_2,1450,0.014
tx_id_2,1460,0.398
tx_id_2,1470,0.182
tx_id_2,1480,0.006
tx_id_2,1490,0.124
tx_id_2,1500,0.35
tx_id_2,1510,0.001
tx_id_2,1520,0.595
tx_id_2,1530,0.106
tx_id_2,1540,0.059
tx_id_2,1550,0.614
tx_id_2,1560,0.264
tx_id_2,1570,0.006
tx_id_2,1580,0.143
tx_id_2,1590,0.558
tx_id_2,1600,0.109
tx_id_2,1610,0.554
tx_id_2,1620,0.77
tx_id_2,1630,0.247
tx_id_2,1640,0.346
tx_id_2,1650,0.193
tx_id_2,1660,0.051
tx_id_2,1670,0.165
tx_id_2,1680,0.389
tx_id_2,1690,0.005
tx_id_2,1700,0.298
tx_id_2,1710,0.568
tx_id_2,1720,0.593
tx_id_2,1730,0.054
tx_id_2,1740,0.075
tx_id_2,1750,0.617
tx_id_2,1760,0.149
tx_id_2,1770,0.011
tx_id_2,1780,0.24
tx_id_2,1790,0.04
tx_id_2,1800,0.022
tx_id_2,1810,0.527
tx_id_2,1820,0.121
tx_id_2,1830,0.002
tx_id_2,1840,0.104
tx_id_2,1850,0.012
tx_id_2,1860,0.555
tx_id_2,1870,0.486
tx_id_2,1880,0.078
tx_id_3,0,0.015
tx_id_3,10,0.657
tx_id_3,20,0.704
tx_id_3,30,0.755
tx_id_3,40,0.042
tx_id_3,50,0.087
tx_id_3,60,0.004
tx_id_3,70,0.014
tx_id_3,80,0.003
tx_id_3,90,0.226
tx_id_3,100,0.017
tx_id_3,110,0.022
tx_id_3,120,0.328
tx_id_3,130,0.005
tx_id_3,140,0.421
tx_id_3,150,0.306
tx_id_3,160,0.301
tx_id_3,170,0.022
tx_id_3,180,0.576
tx_id_3,190,0.028
tx_id_3,200,0.079
tx_id_3,210,0.626
tx_id_3,220,0.125
tx_id_3,230,0.101
tx_id_3,240,0.492
tx_id_3,250,0.28
tx_id_3,260,0.103
tx_id_3,270,0.086
tx_id_3,280,0.019
tx_id_3,290,0.005
tx_id_3,300,0.62
tx_id_3,310,0.457
tx_id_3,320,0.175
tx_id_3,330,0.479
tx_id_3,340,0.0
tx_id_3,350,0.077
tx_id_3,360,0.554
tx_id_3,370,0.295
tx_id_3,380,0.016
tx_id_3,390,0.505
tx_id_3,400,0.008
tx_id_3,410,0.024
tx_id_3,420,0.027
tx_id_3,430,0.088
tx_id_3,440,0.496
tx_id_3,450,0.66
tx_id_3,460,0.242
tx_id_3,470,0.015
tx_id_3,480,0.044
tx_id_3,490,0.24
tx_id_3,500,0.587
tx_id_3,510,0.716
tx_id_3,520,0.005
tx_id_3,530,0.216
tx_id_3,540,0.165
tx_id_3,550,0.06
tx_id_3,560,0.025
tx_id_3,570,0.001
tx_id_3,580,0.23
tx_id_3,590,0.004
tx_id_3,600,0.026
tx_id_3,610,0.259
tx_id_3,620,0.155
tx_id_3,630,0.222
tx_id_3,640,0.225
tx_id_3,650,0.294
tx_id_3,660,0.021
tx_id_3,670,0.456
tx_id_3,680,0.506
tx_id_3,690,0.679
tx_id_3,700,0.099
tx_id_3,710,0.134
tx_id_3,720,0.117
tx_id_3,730,0.0
tx_id_3,740,0.134
tx_id_3,750,0.229
tx_id_3,760,0.111
tx_id_3,770,0.337
tx_id_3,780,0.098
tx_id_3,790,0.735
tx_id_3,800,0.248
tx_id_3,810,0.054
tx_id_3,820,0.34
tx_id_3,830,0.006
tx_id_3,840,0.0
tx_id_3,850,0.451
tx_id_3,860,0.043
tx_id_3,870,0.494
tx_id_3,880,0.345
tx_id_3,890,0.305
tx_id_3,900,0.008
tx_id_3,910,0.014
tx_id_3,920,0.116
tx_id_3,930,0.252
tx_id_3,940,0.14
tx_id_3,950,0.015
tx_id_3,960,0.468
tx_id_3,970,0.277
tx_id_3,980,0.066
tx_id_3,990,0.409
tx_id_3,1000,0.336
tx_id_3,1010,0.615
tx_id_3,1020,0.18
tx_id_3,1030,0.174
tx_id_3,1040,0.511
tx_id_3,1050,0.061
tx_id_3,1060,0.261
tx_id_3,1070,0.168
tx_id_3,1080,0.614
tx_id_3,1090,0.51
tx_id_3,1100,0.006
tx_id_3,1110,0.608
tx_id_3,1120,0.227
tx_id_3,1130,0.056
tx_id_3,1140,0.073
tx_id_3,1150,0.268
tx_id_3,1160,0.216
tx_id_3,1170,0.247
tx_id_3,1180,0.165
tx_id_3,1190,0.67
tx_id_3,1200,0.004
tx_id_3,1210,0.616
tx_id_3,1220,0.062
tx_id_3,1230,0.372
tx_id_3,1240,0.002
tx_id_3,1250,0.004
tx_id_3,1260,0.028
tx_id_3,1270,0.214
tx_id_3,1280,0.125
tx_id_3,1290,0.079
tx_id_3,1300,0.004
tx_id_3,1310,0.418
tx_id_3,1320,0.009
tx_id_3,1330,0.25
tx_id_3,1340,0.614
tx_id_3,1350,0.637
tx_id_3,1360,0.024
tx_id_3,1370,0.001
tx_id_3,1380,0.55
tx_id_3,1390,0.605
tx_id_3,1400,0.55
tx_id_3,1410,0.103
tx_id_3,1420,0.249
tx_id_3,1430,0.004
tx_id_3,1440,0.368
tx_id_3,1450,0.001
tx_id_3,1460,0.413
tx_id_3,1470,0.184
tx_id_3,1480,0.017
tx_id_3,1490,0.133
tx_id_3,1500,0.372
tx_id_3,1510,0.008
tx_id_3,1520,0.501
tx_id_3,1530,0.16
tx_id_3,1540,0.037
tx_id_3,1550,0.638
tx_id_3,1560,0.294
tx_id_3,1570,0.006
tx_id_3,1580,0.155
tx_id_3,1590,0.546
tx_id_3,1600,0.118
tx_id_3,1610,0.502
tx_id_3,1620,0.663
tx_id_3,1630,0.209
tx_id_3,1640,0.346
tx_id_3,1650,0.185
tx_id_3,1660,0.06
tx_id_3,1670,0.232
tx_id_3,1680,0.49
tx_id_3,1690,0.008
tx_id_3,1700,0.369
tx_id_3,1710,0.553
tx_id_3,1720,0.565
tx_id_3,1730,0.064
tx_id_3,1740,0.193
tx_id_3,1750,0.44
tx_id_3,1760,0.267
tx_id_3,1770,0.011
tx_id_3,1780,0.255
tx_id_3,1790,0.044
tx_id_3,1800,0.007
tx_id_3,1810,0.42
tx_id_3,1820,0.197
tx_id_3,1830,0.004
tx_id_3,1840,0.213
tx_id_3,1850,0.033
tx_id_3,1860,0.554
tx_id_3,1870,0.388
tx_id_3,1880,0.082
tx_id_4,0,0.022
tx_id_4,10,0.461
tx_id_4,20,0.557
tx_id_4,30,0.723
tx_id_4,40,0.031
tx_id_4,50,0.061
tx_id_4,60,0.001
tx_id_4,70,0.014
tx_id_4,80,0.001
tx_id_4,90,0.211
tx_id_4,100,0.017
tx_id_4,110,0.02
tx_id_4,120,0.308
tx_id_4,130,0.006
tx_id_4,140,0.309
tx_id_4,150,0.334
tx_id_4,160,0.279
tx_id_4,170,0.019
tx_id_4,180,0.42
tx_id_4,190,0.025
tx_id_4,200,0.011
tx_id_4,210,0.65
tx_id_4,220,0.162
tx_id_4,230,0.122
tx_id_4,240,0.177
tx_id_4,250,0.196
tx_id_4,260,0.047
tx_id_4,270,0.085
tx_id_4,280,0.059
tx_id_4,290,0.004
tx_id_4,300,0.546
tx_id_4,310,0.532
tx_id_4,320,0.145
tx_id_4,330,0.375
tx_id_4,340,0.002
tx_id_4,350,0.041
tx_id_4,360,0.293
tx_id_4,370,0.383
tx_id_4,380,0.04
tx_id_4,390,0.536
tx_id_4,400,0.004
tx_id_4,410,0.0
tx_id_4,420,0.018
tx_id_4,430,0.115
tx_id_4,440,0.464
tx_id_4,450,0.633
tx_id_4,460,0.198
tx_id_4,470,0.021
tx_id_4,480,0.048
tx_id_4,490,0.275
tx_id_4,500,0.489
tx_id_4,510,0.564
tx_id_4,520,0.004
tx_id_4,530,0.28
tx_id_4,540,0.117
tx_id_4,550,0.034
tx_id_4,560,0.168
tx_id_4,570,0.002
tx_id_4,580,0.197
tx_id_4,590,0.0
tx_id_4,600,0.017
tx_id_4,610,0.276
tx_id_4,620,0.056
tx_id_4,630,0.239
tx_id_4,640,0.231
tx_id_4,650,0.359
tx_id_4,660,0.011
tx_id_4,670,0.387
tx_id_4,680,0.084
tx_id_4,690,0.652
tx_id_4,700,0.098
tx_id_4,710,0.04
tx_id_4,720,0.111
tx_id_4,730,0.021
tx_id_4,740,0.044
tx_id_4,750,0.262
tx_id_4,760,0.085
tx_id_4,770,0.351
tx_id_4,780,0.101
tx_id_4,790,0.664
tx_id_4,800,0.262
tx_id_4,810,0.082
tx_id_4,820,0.073
tx_id_4,830,0.008
tx_id_4,840,0.002
tx_id_4,850,0.367
tx_id_4,860,0.126
tx_id_4,870,0.236
tx_id_4,880,0.202
tx_id_4,890,0.165
tx_id_4,900,0.025
tx_id_4,910,0.022
tx_id_4,920,0.551
tx_id_4,930,0.114
tx_id_4,940,0.322
tx_id_4,950,0.008
tx_id_4,960,0.424
tx_id_4,970,0.169
tx_id_4,980,0.014
tx_id_4,990,0.381
tx_id_4,1000,0.33
tx_id_4,1010,0.342
tx_id_4,1020,0.086
tx_id_4,1030,0.236
tx_id_4,1040,0.475
tx_id_4,1050,0.004
tx_id_4,1060,0.083
tx_id_4,1070,0.168
tx_id_4,1080,0.417
tx_id_4,1090,0.469
tx_id_4,1100,0.005
tx_id_4,1110,0.471
tx_id_4,1120,0.116
tx_id_4,1130,0.03
tx_id_4,1140,0.129
tx_id_4,1150,0.175
tx_id_4,1160,0.219
tx_id_4,1170,0.09
tx_id_4,1180,0.1
tx_id_4,1190,0.367
tx_id_4,1200,0.005
tx_id_4,1210,0.553
tx_id_4,1220,0.018
tx_id_4,1230,0.244
tx_id_4,1240,0.0
tx_id_4,1250,0.042
tx_id_4,1260,0.014
tx_id_4,1270,0.305
tx_id_4,1280,0.087
tx_id_4,1290,0.018
tx_id_4,1300,0.01
tx_id_4,1310,0.268
tx_id_4,1320,0.006
tx_id_4,1330,0.182
tx_id_4,1340,0.43
tx_id_4,1350,0.453
tx_id_4,1360,0.038
tx_id_4,1370,0.001
tx_id_4,1380,0.523
tx_id_4,1390,0.507
tx_id_4,1400,0.609
tx_id_4,1410,0.274
tx_id_4,1420,0.112
tx_id_4,1430,0.028
tx_id_4,1440,0.324
tx_id_4,1450,0.02
tx_id_4,1460,0.328
tx_id_4,1470,0.252
tx_id_4,1480,0.011
tx_id_4,1490,0.009
tx_id_4,1500,0.293
tx_id_4,1510,0.013
tx_id_4,1520,0.401
tx_id_4,1530,0.08
tx_id_4,1540,0.078
tx_id_4,1550,0.569
tx_id_4,1560,0.211
tx_id_4,1570,0.005
tx_id_4,1580,0.072
tx_id_4,1590,0.52
tx_id_4,1600,0.04
tx_id_4,1610,0.503
tx_id_4,1620,0.637
tx_id_4,1630,0.22
tx_id_4,1640,0.345
tx_id_4,1650,0.12
tx_id_4,1660,0.044
tx_id_4,1670,0.269
tx_id_4,1680,0.504
tx_id_4,1690,0.003
tx_id_4,1700,0.381
tx_id_4,1710,0.496
tx_id_4,1720,0.429
tx_id_4,1730,0.049
tx_id_4,1740,0.164
tx_id_4,1750,0.332
tx_id_4,1760,0.13
tx_id_4,1770,0.006
tx_id_4,1780,0.015
tx_id_4,1790,0.016
tx_id_4,1800,0.042
tx_id_4,1810,0.376
tx_id_4,1820,0.031
tx_id_4,1830,0.0
tx_id_4,1840,0.046
tx_id_4,1850,0.038
tx_id_4,1860,0.296
tx_id_4,1870,0.452
tx_id_4,1880,0.086
tx_id_5,0,0.012
tx_id_5,10,0.478
tx_id_5,20,0.547
tx_id_5,30,0.564
tx_id_5,40,0.04
tx_id_5,50,0.022
tx_id_5,60,0.0
tx_id_5,70,0.021
tx_id_5,80,0.005
tx_id_5,90,0.107
tx_id_5,100,0.005
tx_id_5,110,0.0
tx_id_5,120,0.098
tx_id_5,130,0.002
tx_id_5,140,0.152
tx_id_5,150,0.067
tx_id_5,160,0.078
tx_id_5,170,0.016
tx_id_5,180,0.216
tx_id_5,190,0.018
tx_id_5,200,0.008
tx_id_5,210,0.397
tx_id_5,220,0.203
tx_id_5,230,0.147
tx_id_5,240,0.024
tx_id_5,250,0.006
tx_id_5,260,0.035
tx_id_5,270,0.13
tx_id_5,280,0.05
tx_id_5,290,0.007
tx_id_5,300,0.359
tx_id_5,310,0.33
tx_id_5,320,0.101
tx_id_5,330,0.266
tx_id_5,340,0.0
tx_id_5,350,0.007
tx_id_5,360,0.208
tx_id_5,370,0.392
tx_id_5,380,0.084
tx_id_5,390,0.536
tx_id_5,400,0.001
tx_id_5,410,0.001
tx_id_5,420,0.002
tx_id_5,430,0.141
tx_id_5,440,0.312
tx_id_5,450,0.18
tx_id_5,460,0.124
tx_id_5,470,0.004
tx_id_5,480,0.024
tx_id_5,490,0.03
tx_id_5,500,0.277
tx_id_5,510,0.599
tx_id_5,520,0.002
tx_id_5,530,0.063
tx_id_5,540,0.154
tx_id_5,550,0.013
tx_id_5,560,0.091
tx_id_5,570,0.002
tx_id_5,580,0.03
tx_id_5,590,0.0
tx_id_5,600,0.031
tx_id_5,610,0.224
tx_id_5,620,0.013
tx_id_5,630,0.047
tx_id_5,640,0.045
tx_id_5,650,0.341
tx_id_5,660,0.012
tx_id_5,670,0.295
tx_id_5,680,0.156
tx_id_5,690,0.568
tx_id_5,700,0.003
tx_id_5,710,0.046
tx_id_5,720,0.03
tx_id_5,730,0.0
tx_id_5,740,0.023
tx_id_5,750,0.123
tx_id_5,760,0.06
tx_id_5,770,0.392
tx_id_5,780,0.022
tx_id_5,790,0.326
tx_id_5,800,0.196
tx_id_5,810,0.034
tx_id_5,820,0.095
tx_id_5,830,0.005
tx_id_5,840,0.001
tx_id_5,850,0.525
tx_id_5,860,0.086
tx_id_5,870,0.222
tx_id_5,880,0.125
tx_id_5,890,0.097
tx_id_5,900,0.015
tx_id_5,910,0.017
tx_id_5,920,0.334
tx_id_5,930,0.006
tx_id_5,940,0.248
tx_id_5,950,0.001
tx_id_5,960,0.316
tx_id_5,970,0.05
tx_id_5,980,0.002
tx_id_5,990,0.314
tx_id_5,1000,0.219
tx_id_5,1010,0.183
tx_id_5,1020,0.021
tx_id_5,1030,0.267
tx_id_5,1040,0.194
tx_id_5,1050,0.003
tx_id_5,1060,0.156
tx_id_5,1070,0.193
tx_id_5,1080,0.459
tx_id_5,1090,0.377
tx_id_5,1100,0.007
tx_id_5,1110,0.135
tx_id_5,1120,0.178
tx_id_5,1130,0.009
tx_id_5,1140,0.009
tx_id_5,1150,0.076
tx_id_5,1160,0.044
tx_id_5,1170,0.025
tx_id_5,1180,0.039
tx_id_5,1190,0.211
tx_id_5,1200,0.0
tx_id_5,1210,0.358
tx_id_5,1220,0.008
tx_id_5,1230,0.221
tx_id_5,1240,0.001
tx_id_5,1250,0.0
tx_id_5,1260,0.005
tx_id_5,1270,0.173
tx_id_5,1280,0.011
tx_id_5,1290,0.05
tx_id_5,1300,0.003
tx_id_5,1310,0.054
tx_id_5,1320,0.005
tx_id_5,1330,0.253
tx_id_5,1340,0.322
tx_id_5,1350,0.206
tx_id_5,1360,0.043
tx_id_5,1370,0.003
tx_id_5,1380,0.299
tx_id_5,1390,0.302
tx_id_5,1400,0.503
tx_id_5,1410,0.097
tx_id_5,1420,0.036
tx_id_5,1430,0.027
tx_id_5,1440,0.093
tx_id_5,1450,0.001
tx_id_5,1460,0.275
tx_id_5,1470,0.239
tx_id_5,1480,0.003
tx_id_5,1490,0.006
tx_id_5,1500,0.208
tx_id_5,1510,0.009
tx_id_5,1520,0.431
tx_id_5,1530,0.07
tx_id_5,1540,0.032
tx_id_5,1550,0.498
tx_id_5,1560,0.149
tx_id_5,1570,0.009
tx_id_5,1580,0.033
tx_id_5,1590,0.309
tx_id_5,1600,0.036
tx_id_5,1610,0.189
tx_id_5,1620,0.523
tx_id_5,1630,0.125
tx_id_5,1640,0.221
tx_id_5,1650,0.042
tx_id_5,1660,0.033
tx_id_5,1670,0.215
tx_id_5,1680,0.31
tx_id_5,1690,0.007
tx_id_5,1700,0.283
tx_id_5,1710,0.299
tx_id_5,1720,0.151
tx_id_5,1730,0.027
tx_id_5,1740,0.046
tx_id_5,1750,0.259
tx_id_5,1760,0.018
tx_id_5,1770,0.0
tx_id_5,1780,0.012
tx_id_5,1790,0.021
tx_id_5,1800,0.056
tx_id_5,1810,0.364
tx_id_5,1820,0.174
tx_id_5,1830,0.0
tx_id_5,1840,0.14
tx_id_5,1850,0.004
tx_id_5,1860,0.366
tx_id_5,1870,0.202
tx_id_5,1880,0.175
tx_id_6,0,0.008
tx_id_6,10,0.356
tx_id_6,20,0.064
tx_id_6,30,0.257
tx_id_6,40,0.036
tx_id_6,50,0.091
tx_id_6,60,0.007
tx_id_6,70,0.015
tx_id_6,80,0.001
tx_id_6,90,0.087
tx_id_6,100,0.006
tx_id_6,110,0.004
tx_id_6,120,0.044
tx_id_6,130,0.006
tx_id_6,140,0.006
tx_id_6,150,0.144
tx_id_6,160,0.075
tx_id_6,170,0.006
tx_id_6,180,0.021
tx_id_6,190,0.037
tx_id_6,200,0.011
tx_id_6,210,0.032
tx_id_6,220,0.103
tx_id_6,230,0.028
tx_id_6,240,0.424
tx_id_6,250,0.014
tx_id_6,260,0.036
tx_id_6,270,0.092
tx_id_6,280,0.007
tx_id_6,290,0.004
tx_id_6,300,0.091
tx_id_6,310,0.011
tx_id_6,320,0.07
tx_id_6,330,0.036
tx_id_6,340,0.004
tx_id_6,350,0.005
tx_id_6,360,0.116
tx_id_6,370,0.137
tx_id_6,380,0.163
tx_id_6,390,0.237
tx_id_6,400,0.0
tx_id_6,410,0.001
tx_id_6,420,0.001
tx_id_6,430,0.191
tx_id_6,440,0.068
tx_id_6,450,0.137
tx_id_6,460,0.02
tx_id_6,470,0.004
tx_id_6,480,0.017
tx_id_6,490,0.145
tx_id_6,500,0.05
tx_id_6,510,0.26
tx_id_6,520,0.0
tx_id_6,530,0.036
tx_id_6,540,0.383
tx_id_6,550,0.007
tx_id_6,560,0.098
tx_id_6,570,0.002
tx_id_6,580,0.109
tx_id_6,590,0.0
tx_id_6,600,0.049
tx_id_6,610,0.211
tx_id_6,620,0.027
tx_id_6,630,0.14
tx_id_6,640,0.016
tx_id_6,650,0.155
tx_id_6,660,0.014
tx_id_6,670,0.202
tx_id_6,680,0.12
tx_id_6,690,0.13
tx_id_6,700,0.012
tx_id_6,710,0.019
tx_id_6,720,0.011
tx_id_6,730,0.01
tx_id_6,740,0.026
tx_id_6,750,0.166
tx_id_6,760,0.014
tx_id_6,770,0.275
tx_id_6,780,0.044
tx_id_6,790,0.065
tx_id_6,800,0.108
tx_id_6,810,0.018
tx_id_6,820,0.057
tx_id_6,830,0.009
tx_id_6,840,0.001
tx_id_6,850,0.267
tx_id_6,860,0.036
tx_id_6,870,0.132
tx_id_6,880,0.022
tx_id_6,890,0.005
tx_id_6,900,0.006
tx_id_6,910,0.005
tx_id_6,920,0.031
tx_id_6,930,0.003
tx_id_6,940,0.312
tx_id_6,950,0.024
tx_id_6,960,0.178
tx_id_6,970,0.039
tx_id_6,980,0.035
tx_id_6,990,0.083
tx_id_6,1000,0.07
tx_id_6,1010,0.053
tx_id_6,1020,0.007
tx_id_6,1030,0.27
tx_id_6,1040,0.139
tx_id_6,1050,0.002
tx_id_6,1060,0.066
tx_id_6,1070,0.121
tx_id_6,1080,0.438
tx_id_6,1090,0.142
tx_id_6,1100,0.024
tx_id_6,1110,0.123
tx_id_6,1120,0.198
tx_id_6,1130,0.005
tx_id_6,1140,0.003
tx_id_6,1150,0.058
tx_id_6,1160,0.004
tx_id_6,1170,0.019
tx_id_6,1180,0.047
tx_id_6,1190,0.056
tx_id_6,1200,0.0
tx_id_6,1210,0.041
tx_id_6,1220,0.011
tx_id_6,1230,0.059
tx_id_6,1240,0.001
tx_id_6,1250,0.001
tx_id_6,1260,0.004
tx_id_6,1270,0.014
tx_id_6,1280,0.017
tx_id_6,1290,0.021
tx_id_6,1300,0.016
tx_id_6,1310,0.039
tx_id_6,1320,0.069
tx_id_6,1330,0.043
tx_id_6,1340,0.23
tx_id_6,1350,0.038
tx_id_6,1360,0.047
tx_id_6,1370,0.001
tx_id_6,1380,0.051
tx_id_6,1390,0.061
tx_id_6,1400,0.404
tx_id_6,1410,0.157
tx_id_6,1420,0.044
tx_id_6,1430,0.025
tx_id_6,1440,0.027
tx_id_6,1450,0.0
tx_id_6,1460,0.062
tx_id_6,1470,0.142
tx_id_6,1480,0.003
tx_id_6,1490,0.003
tx_id_6,1500,0.084
tx_id_6,1510,0.031
tx_id_6,1520,0.063
tx_id_6,1530,0.013
tx_id_6,1540,0.025
tx_id_6,1550,0.171
tx_id_6,1560,0.016
tx_id_6,1570,0.003
tx_id_6,1580,0.046
tx_id_6,1590,0.046
tx_id_6,1600,0.011
tx_id_6,1610,0.094
tx_id_6,1620,0.08
tx_id_6,1630,0.045
tx_id_6,1640,0.0
tx_id_6,1650,0.011
tx_id_6,1660,0.01
tx_id_6,1670,0.189
tx_id_6,1680,0.172
tx_id_6,1690,0.026
tx_id_6,1700,0.077
tx_id_6,1710,0.198
tx_id_6,1720,0.013
tx_id_6,1730,0.005
tx_id_6,1740,0.02
tx_id_6,1750,0.263
tx_id_6,1760,0.053
tx_id_6,1770,0.007
tx_id_6,1780,0.013
tx_id_6,1790,0.019
tx_id_6,1800,0.026
tx_id_6,1810,0.033
tx_id_6,1820,0.087
tx_id_6,1830,0.001
tx_id_6,1840,0.048
tx_id_6,1850,0.0
tx_id_6,1860,0.24
tx_id_6,1870,0.22
tx_id_6,1880,0.098
